{
  "sensor1": {
    "Lat": 46.228849,
    "Long": -63.141003
  },
  "sensor2": {
    "Lat": 46.239298,
    "Long": -63.148727
  },
  "sensor3": {
    "Lat": 46.26209,
    "Long": -63.144264
  },
  "sensor4": {
    "Lat": 46.251645,
    "Long": -63.128643
  },
  "sensor5": {
    "Lat": 46.265887,
    "Long": -63.134823
  },
  "sensor6": {
    "Lat": 46.24939,
    "Long": -63.152504
  },
  "sensor7": {
    "Lat": 46.253069,
    "Long": -63.141689
  },
  "sensor8": {
    "Lat": 46.246422,
    "Long": -63.138771
  },
  "sensor9": {
    "Lat": 46.239773,
    "Long": -63.139114
  },
  "sensor10": {
    "Lat": 46.245591,
    "Long": -63.131218
  },
  "sensor11": {
    "Lat": 46.232412,
    "Long": -63.131046
  },
  "sensor12": {
    "Lat": 46.238586,
    "Long": -63.127098
  },
  "sensor13": {
    "Lat": 46.236805,
    "Long": -63.126068
  },
  "sensor14": {
    "Lat": 46.23253,
    "Long": -63.125896
  },
  "sensor15": {
    "Lat": 46.247253,
    "Long": -63.120575
  }
}